"No.","Time","Source","Destination","Protocol","Length","Info"
"1","0.000000","199.16.156.52","216.58.209.202","TCP","55","[TCP segment of a reassembled PDU]"
"2","0.060307","199.16.156.52","192.168.0.102","TCP","68","443  >  55450 [ACK] Seq=1 Ack=2 Win=189 Len=0 SLE=1 SRE=2"
"3","1.164448","192.168.0.102","199.16.156.52","SSL","55","Continuation Data"
"4","1.325261","199.16.156.52","192.168.0.102","TCP","68","443  >  55424 [ACK] Seq=1 Ack=2 Win=131 Len=0 SLE=1 SRE=2"
"5","2.164805","192.168.0.102","172.217.20.174","TCP","55","[TCP segment of a reassembled PDU]"
"6","2.221453","172.217.20.174","192.168.0.102","TCP","68","443  >  55453 [ACK] Seq=1 Ack=2 Win=208 Len=0 SLE=1 SRE=2"
"7","3.272953","34.251.46.27","192.168.0.102","TCP","56","80  >  55462 [FIN, ACK] Seq=1 Ack=1 Win=115 Len=0"
"8","3.273010","192.168.0.102","34.251.46.27","TCP","54","55462  >  80 [ACK] Seq=1 Ack=2 Win=254 Len=0"
"9","3.373021","192.30.253.125","192.168.0.102","TLSv1.2","88","Application Data"
"10","3.373302","192.168.0.102","192.30.253.125","TLSv1.2","89","Application Data"
"11","3.537883","192.30.253.125","192.168.0.102","TCP","56","443  >  54086 [ACK] Seq=32 Ack=36 Win=31 Len=0"
"12","4.817880","192.168.0.102","172.217.20.174","TCP","55","[TCP segment of a reassembled PDU]"
"13","4.870000","172.217.20.174","192.168.0.102","TCP","68","443  >  55300 [ACK] Seq=1 Ack=2 Win=243 Len=0 SLE=1 SRE=2"
"14","4.919404","192.168.0.102","172.217.20.173","TCP","55","[TCP segment of a reassembled PDU]"
"15","4.973244","172.217.20.173","192.168.0.102","TCP","68","443  >  55452 [ACK] Seq=1 Ack=2 Win=186 Len=0 SLE=1 SRE=2"
"16","6.766842","192.168.0.102","40.118.105.28","TLSv1.2","155","Application Data"
"17","6.838520","40.118.105.28","192.168.0.102","TLSv1.2","155","Application Data"
"18","6.879131","192.168.0.102","40.118.105.28","TCP","54","53866  >  443 [ACK] Seq=102 Ack=102 Win=257 Len=0"
"19","7.482542","192.168.0.102","104.25.219.21","TCP","54","55458  >  443 [FIN, ACK] Seq=1 Ack=1 Win=32763 Len=0"
"20","7.505765","104.25.219.21","192.168.0.102","TCP","56","443  >  55458 [FIN, ACK] Seq=1 Ack=2 Win=31 Len=0"
"21","7.505824","192.168.0.102","104.25.219.21","TCP","54","55458  >  443 [ACK] Seq=2 Ack=2 Win=32763 Len=0"
"22","11.270482","192.168.0.102","172.217.20.163","TCP","55","[TCP segment of a reassembled PDU]"
"23","11.322356","172.217.20.163","192.168.0.102","TCP","68","443  >  55433 [ACK] Seq=1 Ack=2 Win=180 Len=0 SLE=1 SRE=2"
"24","12.107757","198.252.206.25","192.168.0.102","TLSv1.2","112","Application Data"
"25","12.109424","192.168.0.102","198.252.206.25","TLSv1.2","91","Application Data"
"26","12.253966","198.252.206.25","192.168.0.102","TCP","56","443  >  55151 [ACK] Seq=59 Ack=38 Win=62 Len=0"
"27","13.720671","192.168.0.102","216.58.209.206","TCP","55","[TCP segment of a reassembled PDU]"
"28","13.778984","216.58.209.206","192.168.0.102","TCP","68","443  >  55434 [ACK] Seq=1 Ack=2 Win=534 Len=0 SLE=1 SRE=2"
"29","14.954685","192.168.0.102","157.55.235.176","TCP","56","53868  >  40009 [PSH, ACK] Seq=1 Ack=1 Win=251 Len=2"
"30","15.059144","157.55.235.176","192.168.0.102","TCP","56","40009  >  53868 [ACK] Seq=1 Ack=3 Win=83 Len=0"
"31","15.059195","192.168.0.102","157.55.235.176","TCP","545","53868  >  40009 [PSH, ACK] Seq=3 Ack=1 Win=251 Len=491"
"32","15.168009","157.55.235.176","192.168.0.102","TCP","56","40009  >  53868 [ACK] Seq=1 Ack=494 Win=83 Len=0"
"33","15.168010","157.55.235.176","192.168.0.102","TCP","60","40009  >  53868 [PSH, ACK] Seq=1 Ack=494 Win=83 Len=4"
"34","15.223895","192.168.0.102","157.55.235.176","TCP","54","53868  >  40009 [ACK] Seq=494 Ack=5 Win=251 Len=0"
"35","15.402436","192.168.0.102","74.125.232.79","TCP","55","[TCP segment of a reassembled PDU]"
"36","15.455651","74.125.232.79","192.168.0.102","TCP","68","443  >  55294 [ACK] Seq=1 Ack=2 Win=621 Len=0 SLE=1 SRE=2"
"37","19.147380","192.168.0.102","64.233.161.188","TCP","55","53934  >  5228 [ACK] Seq=1 Ack=1 Win=254 Len=1"
"38","19.217258","64.233.161.188","192.168.0.102","TCP","68","5228  >  53934 [ACK] Seq=1 Ack=2 Win=180 Len=0 SLE=1 SRE=2"
"39","19.759912","192.168.0.102","172.217.20.174","TCP","55","[TCP segment of a reassembled PDU]"
"40","19.816178","172.217.20.174","192.168.0.102","TCP","68","443  >  55257 [ACK] Seq=1 Ack=2 Win=757 Len=0 SLE=1 SRE=2"
"41","20.066784","192.168.0.102","216.58.209.202","TCP","55","[TCP segment of a reassembled PDU]"
"42","20.142356","216.58.209.202","192.168.0.102","TCP","68","443  >  55372 [ACK] Seq=1 Ack=2 Win=190 Len=0 SLE=1 SRE=2"
"43","20.755087","198.252.206.25","192.168.0.102","TLSv1.2","112","Application Data"
"44","20.756918","192.168.0.102","198.252.206.25","TLSv1.2","91","Application Data"
"45","20.893139","198.252.206.25","192.168.0.102","TCP","56","443  >  55187 [ACK] Seq=59 Ack=38 Win=62 Len=0"
"46","24.499272","192.168.0.102","192.168.0.255","DB-LSP-DISC","174","Dropbox LAN sync Discovery Protocol"
"47","24.819363","192.168.0.102","157.55.130.154","UDP","81","23310  >  40029 Len=39"
"48","24.973501","157.55.130.154","192.168.0.102","UDP","62","40029  >  23310 Len=20"
"49","25.191851","40.77.226.192","192.168.0.102","TLSv1.2","555","Application Data"
"50","25.246276","192.168.0.102","40.77.226.192","TCP","54","53843  >  443 [ACK] Seq=1 Ack=502 Win=255 Len=0"
"51","26.040993","172.217.20.163","192.168.0.102","TLSv1.2","117","Application Data"
"52","26.041431","192.168.0.102","172.217.20.163","TCP","54","55433  >  443 [FIN, ACK] Seq=2 Ack=64 Win=255 Len=0"
"53","26.053389","172.217.20.163","192.168.0.102","TCP","56","443  >  55433 [FIN, ACK] Seq=64 Ack=2 Win=180 Len=0"
"54","26.053444","192.168.0.102","172.217.20.163","TCP","54","55433  >  443 [ACK] Seq=3 Ack=65 Win=255 Len=0"
"55","26.095819","172.217.20.163","192.168.0.102","TCP","56","443  >  55433 [ACK] Seq=65 Ack=3 Win=180 Len=0"
"56","28.338131","216.58.209.206","192.168.0.102","TLSv1.2","117","Application Data"
"57","28.338546","192.168.0.102","216.58.209.206","TCP","54","55434  >  443 [FIN, ACK] Seq=2 Ack=64 Win=257 Len=0"
"58","28.353841","216.58.209.206","192.168.0.102","TCP","56","443  >  55434 [FIN, ACK] Seq=64 Ack=2 Win=534 Len=0"
"59","28.353897","192.168.0.102","216.58.209.206","TCP","54","55434  >  443 [ACK] Seq=3 Ack=65 Win=257 Len=0"
"60","28.398474","216.58.209.206","192.168.0.102","TCP","56","443  >  55434 [ACK] Seq=65 Ack=3 Win=534 Len=0"
"61","28.774506","81.90.11.141","192.168.0.102","UDP","60","24385  >  23310 Len=18"
"62","28.774975","192.168.0.102","81.90.11.141","UDP","68","23310  >  24385 Len=26"
"63","29.885439","162.125.18.133","192.168.0.102","TLSv1.2","311","Application Data"
"64","29.889508","192.168.0.102","162.125.18.133","TLSv1.2","753","Application Data"
"65","30.038133","162.125.18.133","192.168.0.102","TCP","56","443  >  55200 [ACK] Seq=258 Ack=700 Win=119 Len=0"
"66","32.149258","192.168.0.102","88.208.35.231","SSL","55","Continuation Data"
"67","32.218452","88.208.35.231","192.168.0.102","TCP","56","443  >  55461 [RST] Seq=1 Win=0 Len=0"
"68","39.695212","192.168.0.102","157.56.52.19","UDP","171","23310  >  40025 Len=129"
"69","39.695527","192.168.0.102","157.55.235.142","UDP","75","23310  >  40012 Len=33"
"70","39.695641","192.168.0.102","157.55.130.161","UDP","78","23310  >  40030 Len=36"
"71","39.785993","157.55.235.142","192.168.0.102","UDP","482","40012  >  23310 Len=440"
"72","39.787553","192.168.0.102","111.221.77.147","UDP","171","23310  >  40022 Len=129"
"73","39.843919","157.55.130.161","192.168.0.102","UDP","62","40030  >  23310 Len=20"
"74","39.916742","157.56.52.19","192.168.0.102","UDP","63","40025  >  23310 Len=21"
"75","40.033216","192.168.0.102","192.30.253.124","TCP","55","[TCP segment of a reassembled PDU]"
"76","40.074190","111.221.77.147","192.168.0.102","UDP","63","40022  >  23310 Len=21"
"77","40.228174","192.30.253.124","192.168.0.102","TCP","68","443  >  55310 [ACK] Seq=1 Ack=2 Win=31 Len=0 SLE=1 SRE=2"
"78","44.271963","162.125.18.133","192.168.0.102","TLSv1.2","311","Application Data"
"79","44.276382","192.168.0.102","162.125.18.133","TLSv1.2","1060","Application Data"
"80","44.421046","162.125.18.133","192.168.0.102","TCP","56","443  >  55193 [ACK] Seq=258 Ack=1007 Win=157 Len=0"
"81","45.064712","192.168.0.102","216.58.209.202","TCP","55","[TCP Keep-Alive] 55450  >  443 [ACK] Seq=1 Ack=1 Win=256 Len=1"
"82","45.125000","216.58.209.202","192.168.0.102","TCP","68","[TCP Keep-Alive ACK] 443  >  55450 [ACK] Seq=1 Ack=2 Win=189 Len=0 SLE=1 SRE=2"
"83","46.326557","192.168.0.102","199.16.156.52","TCP","55","[TCP Keep-Alive] 55424  >  443 [ACK] Seq=1 Ack=1 Win=252 Len=1"
"84","46.489203","199.16.156.52","192.168.0.102","TCP","68","[TCP Keep-Alive ACK] 443  >  55424 [ACK] Seq=1 Ack=2 Win=131 Len=0 SLE=1 SRE=2"
"85","47.235289","192.168.0.102","172.217.20.174","TCP","55","[TCP Keep-Alive] 55453  >  443 [ACK] Seq=1 Ack=1 Win=258 Len=1"
"86","47.289388","172.217.20.174","192.168.0.102","TCP","68","[TCP Keep-Alive ACK] 443  >  55453 [ACK] Seq=1 Ack=2 Win=208 Len=0 SLE=1 SRE=2"
"87","48.272809","192.168.0.102","34.251.46.27","TCP","55","[TCP Keep-Alive] 55462  >  80 [ACK] Seq=0 Ack=2 Win=254 Len=1"
"88","48.353747","34.251.46.27","192.168.0.102","TCP","56","[TCP Keep-Alive ACK] 80  >  55462 [ACK] Seq=2 Ack=1 Win=115 Len=0"
"89","48.539086","192.168.0.102","192.30.253.125","TCP","55","[TCP Keep-Alive] 54086  >  443 [ACK] Seq=35 Ack=32 Win=252 Len=1"
"90","48.693712","192.30.253.125","192.168.0.102","TCP","68","[TCP Keep-Alive ACK] 443  >  54086 [ACK] Seq=32 Ack=36 Win=31 Len=0 SLE=35 SRE=36"
"91","49.870319","192.168.0.102","172.217.20.174","TCP","55","[TCP Keep-Alive] 55300  >  443 [ACK] Seq=1 Ack=1 Win=258 Len=1"
"92","49.922343","172.217.20.174","192.168.0.102","TCP","68","[TCP Keep-Alive ACK] 443  >  55300 [ACK] Seq=1 Ack=2 Win=243 Len=0 SLE=1 SRE=2"
"93","49.974084","192.168.0.102","172.217.20.173","TCP","55","[TCP Keep-Alive] 55452  >  443 [ACK] Seq=1 Ack=1 Win=255 Len=1"
"94","50.026075","172.217.20.173","192.168.0.102","TCP","68","[TCP Keep-Alive ACK] 443  >  55452 [ACK] Seq=1 Ack=2 Win=186 Len=0 SLE=1 SRE=2"
"95","54.587866","192.168.0.102","192.168.0.255","DB-LSP-DISC","174","Dropbox LAN sync Discovery Protocol"
"96","55.099104","192.30.253.124","192.168.0.102","TLSv1.2","88","Application Data"
"97","55.099495","192.168.0.102","192.30.253.124","TLSv1.2","89","Application Data"
"98","55.255120","192.30.253.124","192.168.0.102","TCP","56","443  >  55310 [ACK] Seq=32 Ack=37 Win=31 Len=0"
"99","57.260676","192.168.0.102","198.252.206.25","TCP","55","[TCP Keep-Alive] 55151  >  443 [ACK] Seq=37 Ack=59 Win=253 Len=1"
"100","57.399550","198.252.206.25","192.168.0.102","TCP","68","[TCP Keep-Alive ACK] 443  >  55151 [ACK] Seq=59 Ack=38 Win=62 Len=0 SLE=37 SRE=38"
"101","60.479366","192.168.0.102","74.125.232.79","TCP","55","[TCP Keep-Alive] 55294  >  443 [ACK] Seq=1 Ack=1 Win=254 Len=1"
"102","60.534030","74.125.232.79","192.168.0.102","TCP","68","[TCP Keep-Alive ACK] 443  >  55294 [ACK] Seq=1 Ack=2 Win=621 Len=0 SLE=1 SRE=2"
"103","61.624653","157.55.235.176","192.168.0.102","TCP","60","40009  >  53868 [PSH, ACK] Seq=5 Ack=494 Win=83 Len=4"
"104","61.664170","192.168.0.102","157.55.235.176","TCP","54","53868  >  40009 [ACK] Seq=494 Ack=9 Win=251 Len=0"
"105","61.756093","157.55.235.176","192.168.0.102","TCP","164","40009  >  53868 [PSH, ACK] Seq=9 Ack=494 Win=83 Len=110"
"106","61.756829","192.168.0.102","157.55.235.176","TCP","94","53868  >  40009 [PSH, ACK] Seq=494 Ack=119 Win=251 Len=40"
"107","61.767137","192.168.0.102","40.118.105.28","TLSv1.2","155","Application Data"
"108","61.838122","40.118.105.28","192.168.0.102","TLSv1.2","155","Application Data"
"109","61.878345","192.168.0.102","40.118.105.28","TCP","54","53866  >  443 [ACK] Seq=203 Ack=203 Win=257 Len=0"
"110","61.900233","157.55.235.176","192.168.0.102","TCP","56","40009  >  53868 [ACK] Seq=119 Ack=534 Win=83 Len=0"
"111","63.602926","192.30.253.125","192.168.0.102","TLSv1.2","88","Application Data"
"112","63.603323","192.168.0.102","192.30.253.125","TLSv1.2","89","Application Data"
"113","63.757239","192.30.253.125","192.168.0.102","TCP","56","443  >  54086 [ACK] Seq=63 Ack=71 Win=31 Len=0"
"114","64.218373","192.168.0.102","64.233.161.188","TCP","55","[TCP Keep-Alive] 53934  >  5228 [ACK] Seq=1 Ack=1 Win=254 Len=1"
"115","64.284992","64.233.161.188","192.168.0.102","TCP","68","[TCP Keep-Alive ACK] 5228  >  53934 [ACK] Seq=1 Ack=2 Win=180 Len=0 SLE=1 SRE=2"
"116","64.718873","192.168.0.102","157.55.235.175","UDP","170","23310  >  40027 Len=128"
"117","64.806081","157.55.235.175","192.168.0.102","UDP","154","40027  >  23310 Len=112"
"118","64.806875","192.168.0.102","157.56.52.39","UDP","180","23310  >  40002 Len=138"
"119","64.819787","192.168.0.102","172.217.20.174","TCP","55","[TCP Keep-Alive] 55257  >  443 [ACK] Seq=1 Ack=1 Win=254 Len=1"
"120","64.873394","172.217.20.174","192.168.0.102","TCP","68","[TCP Keep-Alive ACK] 443  >  55257 [ACK] Seq=1 Ack=2 Win=757 Len=0 SLE=1 SRE=2"
"121","65.143404","192.168.0.102","216.58.209.202","TCP","55","[TCP Keep-Alive] 55372  >  443 [ACK] Seq=1 Ack=1 Win=258 Len=1"
"122","65.200890","216.58.209.202","192.168.0.102","TCP","68","[TCP Keep-Alive ACK] 443  >  55372 [ACK] Seq=1 Ack=2 Win=190 Len=0 SLE=1 SRE=2"
"123","65.894453","192.168.0.102","198.252.206.25","TCP","55","[TCP Keep-Alive] 55187  >  443 [ACK] Seq=37 Ack=59 Win=253 Len=1"
"124","66.030540","198.252.206.25","192.168.0.102","TCP","68","[TCP Keep-Alive ACK] 443  >  55187 [ACK] Seq=59 Ack=38 Win=62 Len=0 SLE=37 SRE=38"
"125","66.818061","192.168.0.102","157.56.52.39","UDP","180","23310  >  40002 Len=138"
"126","70.055311","157.55.235.176","192.168.0.102","TCP","60","40009  >  53868 [PSH, ACK] Seq=119 Ack=534 Win=83 Len=4"
"127","70.095477","192.168.0.102","157.55.235.176","TCP","54","53868  >  40009 [ACK] Seq=534 Ack=123 Win=251 Len=0"
"128","70.187656","157.55.235.176","192.168.0.102","TCP","523","40009  >  53868 [PSH, ACK] Seq=123 Ack=534 Win=83 Len=469"
"129","70.188055","192.168.0.102","157.55.235.176","TCP","58","53868  >  40009 [PSH, ACK] Seq=534 Ack=592 Win=256 Len=4"
"130","70.293992","157.55.235.176","192.168.0.102","TCP","56","40009  >  53868 [ACK] Seq=592 Ack=538 Win=83 Len=0"
"131","70.850277","192.168.0.102","157.56.52.39","UDP","180","23310  >  40002 Len=138"
"132","72.994116","157.56.52.39","192.168.0.102","UDP","121","40002  >  23310 Len=79"
"133","72.995015","192.168.0.102","157.56.52.39","UDP","535","23310  >  40002 Len=493"
"134","73.213615","157.56.52.39","192.168.0.102","UDP","53","40002  >  23310 Len=11"
"135","74.966558","192.168.0.102","157.55.235.176","TCP","545","53868  >  40009 [PSH, ACK] Seq=538 Ack=592 Win=256 Len=491"
"136","75.070841","157.55.235.176","192.168.0.102","TCP","56","40009  >  53868 [ACK] Seq=592 Ack=1029 Win=83 Len=0"
"137","75.070842","157.55.235.176","192.168.0.102","TCP","60","40009  >  53868 [PSH, ACK] Seq=592 Ack=1029 Win=83 Len=4"
"138","75.118785","192.168.0.102","157.55.235.176","TCP","54","53868  >  40009 [ACK] Seq=1029 Ack=596 Win=256 Len=0"
"139","83.900573","157.55.235.176","192.168.0.102","TCP","60","40009  >  53868 [PSH, ACK] Seq=596 Ack=1029 Win=83 Len=3"
"140","83.955194","192.168.0.102","157.55.235.176","TCP","54","53868  >  40009 [ACK] Seq=1029 Ack=599 Win=256 Len=0"
"141","84.079758","157.55.235.176","192.168.0.102","TCP","64","40009  >  53868 [PSH, ACK] Seq=599 Ack=1029 Win=83 Len=10"
"142","84.080053","192.168.0.102","157.55.235.176","TCP","58","53868  >  40009 [PSH, ACK] Seq=1029 Ack=609 Win=256 Len=4"
"143","84.228772","157.55.235.176","192.168.0.102","TCP","56","40009  >  53868 [ACK] Seq=609 Ack=1033 Win=83 Len=0"
"144","84.658934","192.168.0.102","192.168.0.255","DB-LSP-DISC","174","Dropbox LAN sync Discovery Protocol"
"145","85.550826","192.168.0.102","34.251.46.27","TCP","54","55462  >  80 [FIN, ACK] Seq=1 Ack=2 Win=254 Len=0"
"146","85.555506","192.168.0.102","192.168.0.1","DNS","75","Standard query 0xa362 A docs.google.com"
"147","85.556347","192.168.0.102","192.168.0.1","DNS","76","Standard query 0x6c00 A drive.google.com"
"148","85.557291","192.168.0.102","192.168.0.1","DNS","75","Standard query 0x9def A ssl.gstatic.com"
"149","85.557863","192.168.0.1","192.168.0.102","DNS","91","Standard query response 0xa362 A docs.google.com A 216.58.209.206"
"150","85.558687","192.168.0.102","216.58.209.206","TCP","66","55463  >  443 [SYN] Seq=0 Win=64240 Len=0 MSS=1460 WS=256 SACK_PERM=1"
"151","85.560862","192.168.0.1","192.168.0.102","DNS","92","Standard query response 0x6c00 A drive.google.com A 216.58.209.206"
"152","85.561587","192.168.0.102","216.58.209.206","TCP","66","55464  >  443 [SYN] Seq=0 Win=64240 Len=0 MSS=1460 WS=256 SACK_PERM=1"
"153","85.561824","192.168.0.1","192.168.0.102","DNS","91","Standard query response 0x9def A ssl.gstatic.com A 172.217.20.163"
"154","85.562446","192.168.0.102","172.217.20.163","TCP","66","55465  >  443 [SYN] Seq=0 Win=64240 Len=0 MSS=1460 WS=256 SACK_PERM=1"
"155","85.617250","172.217.20.163","192.168.0.102","TCP","68","443  >  55465 [SYN, ACK] Seq=0 Ack=1 Win=42780 Len=0 MSS=1380 SACK_PERM=1 WS=256"
"156","85.617252","216.58.209.206","192.168.0.102","TCP","68","443  >  55463 [SYN, ACK] Seq=0 Ack=1 Win=42780 Len=0 MSS=1380 SACK_PERM=1 WS=256"
"157","85.617253","216.58.209.206","192.168.0.102","TCP","68","443  >  55464 [SYN, ACK] Seq=0 Ack=1 Win=42780 Len=0 MSS=1380 SACK_PERM=1 WS=256"
"158","85.617519","192.168.0.102","172.217.20.163","TCP","54","55465  >  443 [ACK] Seq=1 Ack=1 Win=66048 Len=0"
"159","85.617634","192.168.0.102","216.58.209.206","TCP","54","55463  >  443 [ACK] Seq=1 Ack=1 Win=66048 Len=0"
"160","85.617672","192.168.0.102","216.58.209.206","TCP","54","55464  >  443 [ACK] Seq=1 Ack=1 Win=66048 Len=0"
"161","85.617957","192.168.0.102","216.58.209.206","TLSv1.2","571","Client Hello"
"162","85.618148","192.168.0.102","172.217.20.163","TLSv1.2","571","Client Hello"
"163","85.618301","192.168.0.102","216.58.209.206","TLSv1.2","258","Client Hello"
"164","85.633059","34.251.46.27","192.168.0.102","TCP","56","80  >  55462 [RST] Seq=2 Win=0 Len=0"
"165","85.658755","172.217.20.163","192.168.0.102","TCP","56","443  >  55465 [ACK] Seq=1 Ack=518 Win=44032 Len=0"
"166","85.658757","172.217.20.163","192.168.0.102","TLSv1.2","214","Server Hello, Change Cipher Spec, Encrypted Handshake Message"
"167","85.660140","192.168.0.102","172.217.20.163","TLSv1.2","270","Change Cipher Spec, Encrypted Handshake Message, Encrypted Handshake Message"
"168","85.667423","216.58.209.206","192.168.0.102","TCP","56","443  >  55463 [ACK] Seq=1 Ack=518 Win=44032 Len=0"
"169","85.667425","216.58.209.206","192.168.0.102","TCP","56","443  >  55464 [ACK] Seq=1 Ack=205 Win=44032 Len=0"
"170","85.667426","216.58.209.206","192.168.0.102","TLSv1.2","214","Server Hello, Change Cipher Spec, Encrypted Handshake Message"
"171","85.667754","216.58.209.206","192.168.0.102","TLSv1.2","1484","Server Hello"
"172","85.667755","216.58.209.206","192.168.0.102","TCP","1484","443  >  55464 [ACK] Seq=1431 Ack=205 Win=44032 Len=1430 [TCP segment of a reassembled PDU]"
"173","85.667761","216.58.209.206","192.168.0.102","TLSv1.2","1484","Certificate [TCP segment of a reassembled PDU]"
"174","85.667762","216.58.209.206","192.168.0.102","TLSv1.2","139","Server Key Exchange, Server Hello Done"
"175","85.667824","192.168.0.102","216.58.209.206","TCP","54","55464  >  443 [ACK] Seq=205 Ack=4376 Win=66048 Len=0"
"176","85.669255","192.168.0.102","216.58.209.206","TLSv1.2","270","Change Cipher Spec, Encrypted Handshake Message, Encrypted Handshake Message"
"177","85.674899","192.168.0.102","216.58.209.206","TLSv1.2","312","Client Key Exchange, Change Cipher Spec, Encrypted Handshake Message, Encrypted Handshake Message"
"178","85.725807","216.58.209.206","192.168.0.102","TLSv1.2","375","New Session Ticket, Change Cipher Spec, Encrypted Handshake Message"
"179","85.754014","172.217.20.163","192.168.0.102","TCP","56","443  >  55465 [ACK] Seq=161 Ack=734 Win=45056 Len=0"
"180","85.766115","192.168.0.102","216.58.209.206","TCP","54","55464  >  443 [ACK] Seq=463 Ack=4697 Win=65792 Len=0"
"181","85.768924","216.58.209.206","192.168.0.102","TCP","56","443  >  55463 [ACK] Seq=161 Ack=734 Win=45056 Len=0"
"182","85.908537","192.168.0.102","172.217.20.163","TLSv1.2","147","Application Data"
"183","85.908966","192.168.0.102","172.217.20.163","TLSv1.2","447","Application Data"
"184","85.947808","172.217.20.163","192.168.0.102","TCP","56","443  >  55465 [ACK] Seq=161 Ack=827 Win=45056 Len=0"
"185","85.947810","172.217.20.163","192.168.0.102","TLSv1.2","123","Application Data"
"186","85.948226","192.168.0.102","172.217.20.163","TLSv1.2","92","Application Data"
"187","85.961190","172.217.20.163","192.168.0.102","TLSv1.2","92","Application Data"
"188","85.968835","172.217.20.163","192.168.0.102","TLSv1.2","309","Application Data"
"189","85.968836","172.217.20.163","192.168.0.102","TLSv1.2","135","Application Data"
"190","85.968911","192.168.0.102","172.217.20.163","TCP","54","55465  >  443 [ACK] Seq=1258 Ack=604 Win=65536 Len=0"
"191","85.981164","172.217.20.163","192.168.0.102","TLSv1.2","92","Application Data"
"192","85.981165","172.217.20.163","192.168.0.102","TLSv1.2","100","Application Data"
"193","85.981238","192.168.0.102","172.217.20.163","TCP","54","55465  >  443 [ACK] Seq=1258 Ack=688 Win=65536 Len=0"
"194","85.982200","192.168.0.102","172.217.20.163","TLSv1.2","100","Application Data"
"195","86.032942","172.217.20.163","192.168.0.102","TCP","56","443  >  55465 [ACK] Seq=688 Ack=1304 Win=46080 Len=0"
"196","90.134157","192.168.0.102","216.58.209.202","TCP","55","[TCP Keep-Alive] 55450  >  443 [ACK] Seq=1 Ack=1 Win=256 Len=1"
"197","90.193768","216.58.209.202","192.168.0.102","TCP","68","[TCP Keep-Alive ACK] 443  >  55450 [ACK] Seq=1 Ack=2 Win=189 Len=0 SLE=1 SRE=2"
"198","91.490396","192.168.0.102","199.16.156.52","TCP","55","[TCP Keep-Alive] 55424  >  443 [ACK] Seq=1 Ack=1 Win=252 Len=1"
"199","91.650346","199.16.156.52","192.168.0.102","TCP","68","[TCP Keep-Alive ACK] 443  >  55424 [ACK] Seq=1 Ack=2 Win=131 Len=0 SLE=1 SRE=2"
"200","92.290309","192.168.0.102","172.217.20.174","TCP","55","[TCP Keep-Alive] 55453  >  443 [ACK] Seq=1 Ack=1 Win=258 Len=1"
"201","92.346360","172.217.20.174","192.168.0.102","TCP","68","[TCP Keep-Alive ACK] 443  >  55453 [ACK] Seq=1 Ack=2 Win=208 Len=0 SLE=1 SRE=2"
"202","93.863799","192.168.0.102","157.56.52.43","UDP","176","23310  >  40010 Len=134"
"203","94.077976","157.56.52.43","192.168.0.102","UDP","63","40010  >  23310 Len=21"
"204","94.933558","192.168.0.102","172.217.20.174","TCP","55","[TCP Keep-Alive] 55300  >  443 [ACK] Seq=1 Ack=1 Win=258 Len=1"
"205","94.986883","172.217.20.174","192.168.0.102","TCP","68","[TCP Keep-Alive ACK] 443  >  55300 [ACK] Seq=1 Ack=2 Win=243 Len=0 SLE=1 SRE=2"
"206","95.033687","192.168.0.102","172.217.20.173","TCP","55","[TCP Keep-Alive] 55452  >  443 [ACK] Seq=1 Ack=1 Win=255 Len=1"
"207","95.086749","172.217.20.173","192.168.0.102","TCP","68","[TCP Keep-Alive ACK] 443  >  55452 [ACK] Seq=1 Ack=2 Win=186 Len=0 SLE=1 SRE=2"
"208","95.687685","216.58.209.206","192.168.0.102","TCP","56","443  >  55464 [FIN, ACK] Seq=4697 Ack=463 Win=45056 Len=0"
"209","95.687686","216.58.209.206","192.168.0.102","TCP","56","443  >  55463 [FIN, ACK] Seq=161 Ack=734 Win=45056 Len=0"
"210","95.687743","192.168.0.102","216.58.209.206","TCP","54","55464  >  443 [ACK] Seq=463 Ack=4698 Win=65792 Len=0"
"211","95.687867","192.168.0.102","216.58.209.206","TCP","54","55463  >  443 [ACK] Seq=734 Ack=162 Win=66048 Len=0"
"212","96.668624","192.168.0.1","224.0.0.1","IGMPv2","46","Membership Query, general"
"213","99.080739","192.168.0.102","224.0.0.252","IGMPv2","46","Membership Report group 224.0.0.252"
"214","100.255894","192.168.0.102","192.30.253.124","TCP","55","[TCP Keep-Alive] 55310  >  443 [ACK] Seq=36 Ack=32 Win=255 Len=1"
"215","100.284429","192.168.0.102","157.55.235.176","TCP","348","53868  >  40009 [PSH, ACK] Seq=1033 Ack=609 Win=256 Len=294"
"216","100.391735","157.55.235.176","192.168.0.102","TCP","56","40009  >  53868 [ACK] Seq=609 Ack=1327 Win=83 Len=0"
"217","100.391736","157.55.235.176","192.168.0.102","TCP","60","40009  >  53868 [PSH, ACK] Seq=609 Ack=1327 Win=83 Len=4"
"218","100.411935","192.30.253.124","192.168.0.102","TCP","68","[TCP Keep-Alive ACK] 443  >  55310 [ACK] Seq=32 Ack=37 Win=31 Len=0 SLE=36 SRE=37"
"219","100.434127","192.168.0.102","157.55.235.176","TCP","54","53868  >  40009 [ACK] Seq=1327 Ack=613 Win=256 Len=0"
"220","100.567257","192.168.0.102","239.255.255.250","IGMPv2","46","Membership Report group 239.255.255.250"
"221","102.401164","192.168.0.102","198.252.206.25","TCP","55","[TCP Keep-Alive] 55151  >  443 [ACK] Seq=37 Ack=59 Win=253 Len=1"
"222","102.544349","198.252.206.25","192.168.0.102","TCP","68","[TCP Keep-Alive ACK] 443  >  55151 [ACK] Seq=59 Ack=38 Win=62 Len=0 SLE=37 SRE=38"
"223","103.304546","5.107.19.143","192.168.0.102","UDP","60","18989  >  23310 Len=18"
"224","103.304960","192.168.0.102","5.107.19.143","UDP","68","23310  >  18989 Len=26"
"225","104.832623","216.58.209.202","192.168.0.102","TLSv1.2","117","Application Data"
"226","104.833056","192.168.0.102","216.58.209.202","TCP","54","55450  >  443 [FIN, ACK] Seq=2 Ack=64 Win=256 Len=0"
"227","104.848792","216.58.209.202","192.168.0.102","TCP","56","443  >  55450 [FIN, ACK] Seq=64 Ack=2 Win=189 Len=0"
"228","104.848847","192.168.0.102","216.58.209.202","TCP","54","55450  >  443 [ACK] Seq=3 Ack=65 Win=256 Len=0"
"229","104.892824","216.58.209.202","192.168.0.102","TCP","56","443  >  55450 [ACK] Seq=65 Ack=3 Win=189 Len=0"
"230","105.067174","192.168.0.102","224.0.0.251","IGMPv2","46","Membership Report group 224.0.0.251"
"231","105.548992","192.168.0.102","74.125.232.79","TCP","55","[TCP Keep-Alive] 55294  >  443 [ACK] Seq=1 Ack=1 Win=254 Len=1"
"232","105.557806","162.125.18.133","192.168.0.102","TLSv1.2","311","Application Data"
"233","105.562053","192.168.0.102","162.125.18.133","TLSv1.2","1060","Application Data"
"234","105.600790","74.125.232.79","192.168.0.102","TCP","68","[TCP Keep-Alive ACK] 443  >  55294 [ACK] Seq=1 Ack=2 Win=621 Len=0 SLE=1 SRE=2"
"235","105.708968","162.125.18.133","192.168.0.102","TCP","56","443  >  55193 [ACK] Seq=515 Ack=2013 Win=161 Len=0"
"236","106.941349","172.217.20.174","192.168.0.102","TLSv1.2","117","Application Data"
"237","106.941748","192.168.0.102","172.217.20.174","TCP","54","55453  >  443 [FIN, ACK] Seq=2 Ack=64 Win=258 Len=0"
"238","106.953202","172.217.20.174","192.168.0.102","TCP","56","443  >  55453 [FIN, ACK] Seq=64 Ack=2 Win=208 Len=0"
"239","106.953259","192.168.0.102","172.217.20.174","TCP","54","55453  >  443 [ACK] Seq=3 Ack=65 Win=258 Len=0"
"240","106.997319","172.217.20.174","192.168.0.102","TCP","56","443  >  55453 [ACK] Seq=65 Ack=3 Win=208 Len=0"
"241","108.757487","192.168.0.102","192.30.253.125","TCP","55","[TCP Keep-Alive] 54086  >  443 [ACK] Seq=70 Ack=63 Win=252 Len=1"
"242","108.913604","192.30.253.125","192.168.0.102","TCP","68","[TCP Keep-Alive ACK] 443  >  54086 [ACK] Seq=63 Ack=71 Win=31 Len=0 SLE=70 SRE=71"
"243","109.284696","192.168.0.102","64.233.161.188","TCP","55","[TCP Keep-Alive] 53934  >  5228 [ACK] Seq=1 Ack=1 Win=254 Len=1"
"244","109.353690","64.233.161.188","192.168.0.102","TCP","68","[TCP Keep-Alive ACK] 5228  >  53934 [ACK] Seq=1 Ack=2 Win=180 Len=0 SLE=1 SRE=2"
"245","109.635441","172.217.20.174","192.168.0.102","TLSv1.2","117","Application Data"
"246","109.635735","192.168.0.102","172.217.20.174","TCP","54","55300  >  443 [FIN, ACK] Seq=2 Ack=64 Win=258 Len=0"
"247","109.649725","172.217.20.174","192.168.0.102","TCP","56","443  >  55300 [FIN, ACK] Seq=64 Ack=2 Win=243 Len=0"
"248","109.649789","192.168.0.102","172.217.20.174","TCP","54","55300  >  443 [ACK] Seq=3 Ack=65 Win=258 Len=0"
"249","109.692607","172.217.20.174","192.168.0.102","TCP","56","443  >  55300 [ACK] Seq=65 Ack=3 Win=243 Len=0"
"250","109.777711","172.217.20.173","192.168.0.102","TLSv1.2","117","Application Data"
"251","109.778117","192.168.0.102","172.217.20.173","TCP","54","55452  >  443 [FIN, ACK] Seq=2 Ack=64 Win=254 Len=0"
"252","109.789597","172.217.20.173","192.168.0.102","TCP","56","443  >  55452 [FIN, ACK] Seq=64 Ack=2 Win=186 Len=0"
"253","109.789652","192.168.0.102","172.217.20.173","TCP","54","55452  >  443 [ACK] Seq=3 Ack=65 Win=254 Len=0"
"254","109.829766","172.217.20.173","192.168.0.102","TCP","56","443  >  55452 [ACK] Seq=65 Ack=3 Win=186 Len=0"
"255","109.874162","192.168.0.102","172.217.20.174","TCP","55","[TCP Keep-Alive] 55257  >  443 [ACK] Seq=1 Ack=1 Win=254 Len=1"
"256","109.925799","172.217.20.174","192.168.0.102","TCP","68","[TCP Keep-Alive ACK] 443  >  55257 [ACK] Seq=1 Ack=2 Win=757 Len=0 SLE=1 SRE=2"
"257","110.201042","192.168.0.102","216.58.209.202","TCP","55","[TCP Keep-Alive] 55372  >  443 [ACK] Seq=1 Ack=1 Win=258 Len=1"
"258","110.262203","216.58.209.202","192.168.0.102","TCP","68","[TCP Keep-Alive ACK] 443  >  55372 [ACK] Seq=1 Ack=2 Win=190 Len=0 SLE=1 SRE=2"
"259","110.375464","192.168.0.102","239.255.255.250","SSDP","216","M-SEARCH * HTTP/1.1 "
"260","110.869679","192.168.0.102","157.55.130.153","UDP","77","23310  >  40019 Len=35"
"261","111.019902","157.55.130.153","192.168.0.102","UDP","541","40019  >  23310 Len=499"
"262","111.021248","192.168.0.102","93.76.32.48","UDP","140","23310  >  8647 Len=98"
"263","111.033934","192.168.0.102","198.252.206.25","TCP","55","[TCP Keep-Alive] 55187  >  443 [ACK] Seq=37 Ack=59 Win=253 Len=1"
"264","111.169922","198.252.206.25","192.168.0.102","TCP","68","[TCP Keep-Alive ACK] 443  >  55187 [ACK] Seq=59 Ack=38 Win=62 Len=0 SLE=37 SRE=38"
"265","111.376026","192.168.0.102","239.255.255.250","SSDP","216","M-SEARCH * HTTP/1.1 "
"266","111.633544","192.168.0.102","162.125.34.137","TCP","54","55223  >  443 [RST, ACK] Seq=1 Ack=1 Win=0 Len=0"
"267","111.649472","192.168.0.102","192.168.0.1","DNS","73","Standard query 0x9c4f A d.dropbox.com"
"268","111.658688","192.168.0.1","192.168.0.102","DNS","127","Standard query response 0x9c4f A d.dropbox.com CNAME d.v.dropbox.com CNAME d-sjc.v.dropbox.com A 162.125.32.135"
"269","111.660161","192.168.0.102","162.125.32.135","TCP","66","55466  >  443 [SYN] Seq=0 Win=64240 Len=0 MSS=1460 WS=256 SACK_PERM=1"
"270","111.879666","162.125.32.135","192.168.0.102","TCP","68","443  >  55466 [SYN, ACK] Seq=0 Ack=1 Win=28800 Len=0 MSS=1440 SACK_PERM=1 WS=512"
"271","111.879806","192.168.0.102","162.125.32.135","TCP","54","55466  >  443 [ACK] Seq=1 Ack=1 Win=66048 Len=0"
"272","111.880726","192.168.0.102","162.125.32.135","TLSv1.2","232","Client Hello"
"273","111.971218","162.125.18.133","192.168.0.102","TLSv1.2","311","Application Data"
"274","111.975366","192.168.0.102","162.125.18.133","TLSv1.2","753","Application Data"
"275","112.081275","162.125.32.135","192.168.0.102","TCP","56","443  >  55466 [ACK] Seq=1 Ack=179 Win=30208 Len=0"
"276","112.081276","162.125.32.135","192.168.0.102","TLSv1.2","1514","Server Hello"
"277","112.081277","162.125.32.135","192.168.0.102","TCP","1514","443  >  55466 [ACK] Seq=1461 Ack=179 Win=30208 Len=1460 [TCP segment of a reassembled PDU]"
"278","112.081293","162.125.32.135","192.168.0.102","TLSv1.2","1287","Certificate, Server Key Exchange, Server Hello Done"
"279","112.081461","192.168.0.102","162.125.32.135","TCP","54","55466  >  443 [ACK] Seq=179 Ack=4154 Win=66048 Len=0"
"280","112.085959","192.168.0.102","162.125.32.135","TLSv1.2","180","Client Key Exchange, Change Cipher Spec, Encrypted Handshake Message"
"281","112.122805","162.125.18.133","192.168.0.102","TCP","56","443  >  55200 [ACK] Seq=515 Ack=1399 Win=122 Len=0"
"282","112.328562","162.125.32.135","192.168.0.102","TLSv1.2","312","New Session Ticket, Change Cipher Spec, Encrypted Handshake Message"
"283","112.330396","192.168.0.102","162.125.32.135","TCP","1494","55466  >  443 [ACK] Seq=305 Ack=4412 Win=65792 Len=1440 [TCP segment of a reassembled PDU]"
"284","112.330409","192.168.0.102","162.125.32.135","TLSv1.2","1036","Application Data"
"285","112.375814","192.168.0.102","239.255.255.250","SSDP","216","M-SEARCH * HTTP/1.1 "
"286","112.542898","162.125.32.135","192.168.0.102","TCP","56","443  >  55466 [ACK] Seq=4412 Ack=2727 Win=34816 Len=0"
"287","112.607377","162.125.32.135","192.168.0.102","TLSv1.2","597","Application Data"
"288","112.647806","192.168.0.102","162.125.32.135","TCP","54","55466  >  443 [ACK] Seq=2727 Ack=4955 Win=65280 Len=0"
"289","113.033992","192.168.0.102","93.76.32.48","UDP","140","23310  >  8647 Len=98"
"290","113.375125","192.168.0.102","239.255.255.250","SSDP","216","M-SEARCH * HTTP/1.1 "
"291","114.699536","192.168.0.102","192.168.0.255","DB-LSP-DISC","174","Dropbox LAN sync Discovery Protocol"
"292","115.322847","192.30.253.124","192.168.0.102","TLSv1.2","88","Application Data"
"293","115.323213","192.168.0.102","192.30.253.124","TLSv1.2","89","Application Data"
"294","115.546887","192.30.253.124","192.168.0.102","TCP","56","443  >  55310 [ACK] Seq=63 Ack=72 Win=31 Len=0"
"295","116.767336","192.168.0.102","40.118.105.28","TLSv1.2","155","Application Data"
"296","116.838501","40.118.105.28","192.168.0.102","TLSv1.2","155","Application Data"
"297","116.879565","192.168.0.102","40.118.105.28","TCP","54","53866  >  443 [ACK] Seq=304 Ack=304 Win=256 Len=0"
"298","117.039432","192.168.0.102","93.76.32.48","UDP","140","23310  >  8647 Len=98"
"299","120.270120","74.125.232.79","192.168.0.102","TLSv1.2","117","Application Data"
"300","120.270551","192.168.0.102","74.125.232.79","TCP","54","55294  >  443 [FIN, ACK] Seq=2 Ack=64 Win=254 Len=0"
"301","120.292309","74.125.232.79","192.168.0.102","TCP","56","443  >  55294 [FIN, ACK] Seq=64 Ack=2 Win=621 Len=0"
"302","120.292368","192.168.0.102","74.125.232.79","TCP","54","55294  >  443 [ACK] Seq=3 Ack=65 Win=254 Len=0"
"303","120.323807","74.125.232.79","192.168.0.102","TCP","56","443  >  55294 [ACK] Seq=65 Ack=3 Win=621 Len=0"
"304","123.001206","194.44.126.86","192.168.0.102","UDP","139","7388  >  23310 Len=97"
"305","123.001986","192.168.0.102","194.44.126.86","UDP","74","23310  >  7388 Len=32"
"306","123.813903","192.30.253.125","192.168.0.102","TLSv1.2","88","Application Data"
"307","123.814299","192.168.0.102","192.30.253.125","TLSv1.2","89","Application Data"
"308","123.968508","192.30.253.125","192.168.0.102","TCP","56","443  >  54086 [ACK] Seq=94 Ack=106 Win=31 Len=0"
"309","124.846069","216.58.209.202","192.168.0.102","TLSv1.2","117","Application Data"
"310","124.846497","192.168.0.102","216.58.209.202","TCP","54","55372  >  443 [FIN, ACK] Seq=2 Ack=64 Win=258 Len=0"
"311","124.860644","216.58.209.202","192.168.0.102","TCP","56","443  >  55372 [FIN, ACK] Seq=64 Ack=2 Win=190 Len=0"
"312","124.860700","192.168.0.102","216.58.209.202","TCP","54","55372  >  443 [ACK] Seq=3 Ack=65 Win=258 Len=0"
"313","124.905279","216.58.209.202","192.168.0.102","TCP","56","443  >  55372 [ACK] Seq=65 Ack=3 Win=190 Len=0"
"314","125.392945","216.58.209.202","192.168.0.202","ARP","42","Who has 192.168.0.102? Tell 192.168.0.1"
"315","125.392976","216.58.209.202","192.168.0.202","42","192.168.0.102 is at dc:85:de:91:34:93"
"316","126.531552","77.120.29.11","192.168.0.102","UDP","146","45473  >  23310 Len=104"
"317","126.532352","192.168.0.102","77.120.29.11","UDP","74","23310  >  45473 Len=32"
"318","131.033862","192.168.0.102","172.217.20.163","TCP","55","[TCP Keep-Alive] 55465  >  443 [ACK] Seq=1303 Ack=688 Win=65536 Len=1"
"319","131.085757","172.217.20.163","192.168.0.102","TCP","68","[TCP Keep-Alive ACK] 443  >  55465 [ACK] Seq=688 Ack=1304 Win=46080 Len=0 SLE=1303 SRE=1304"
"320","134.985270","192.168.0.102","157.55.235.176","TCP","56","53868  >  40009 [PSH, ACK] Seq=1327 Ack=613 Win=256 Len=2"
"321","134.985597","192.168.0.102","40.77.226.192","TLSv1.2","667","Application Data"
"322","135.077425","40.77.226.192","192.168.0.102","TLSv1.2","235","Application Data"
"323","135.118489","192.168.0.102","40.77.226.192","TCP","54","53843  >  443 [ACK] Seq=614 Ack=683 Win=254 Len=0"
"324","135.130636","157.55.235.176","192.168.0.102","TCP","56","40009  >  53868 [ACK] Seq=613 Ack=1329 Win=83 Len=0"
"325","136.117551","162.125.18.133","192.168.0.102","TLSv1.2","311","Application Data"
"326","136.121804","192.168.0.102","162.125.18.133","TLSv1.2","1060","Application Data"
"327","136.267528","162.125.18.133","192.168.0.102","TCP","56","443  >  55193 [ACK] Seq=772 Ack=3019 Win=165 Len=0"
"328","136.650856","192.168.0.102","199.16.156.52","TCP","55","[TCP Keep-Alive] 55424  >  443 [ACK] Seq=1 Ack=1 Win=252 Len=1"
"329","136.811048","199.16.156.52","192.168.0.102","TCP","68","[TCP Keep-Alive ACK] 443  >  55424 [ACK] Seq=1 Ack=2 Win=131 Len=0 SLE=1 SRE=2"
"330","140.688007","192.168.0.102","216.58.209.206","TCP","55","[TCP Keep-Alive] 55463  >  443 [ACK] Seq=733 Ack=162 Win=66048 Len=1"
"331","140.688007","192.168.0.102","216.58.209.206","TCP","55","[TCP Keep-Alive] 55464  >  443 [ACK] Seq=462 Ack=4698 Win=65792 Len=1"
"332","140.747827","216.58.209.206","192.168.0.102","TCP","56","443  >  55463 [RST] Seq=162 Win=0 Len=0"
"333","140.747828","216.58.209.206","192.168.0.102","TCP","56","443  >  55464 [RST] Seq=4698 Win=0 Len=0"
"334","144.772567","192.168.0.102","192.168.0.255","DB-LSP-DISC","174","Dropbox LAN sync Discovery Protocol"
"335","147.550673","192.168.0.102","198.252.206.25","TCP","55","[TCP Keep-Alive] 55151  >  443 [ACK] Seq=37 Ack=59 Win=253 Len=1"
"336","147.690760","198.252.206.25","192.168.0.102","TCP","68","[TCP Keep-Alive ACK] 443  >  55151 [ACK] Seq=59 Ack=38 Win=62 Len=0 SLE=37 SRE=38"
"337","154.356159","192.168.0.102","64.233.161.188","TCP","55","[TCP Keep-Alive] 53934  >  5228 [ACK] Seq=1 Ack=1 Win=254 Len=1"
"338","154.426911","64.233.161.188","192.168.0.102","TCP","68","[TCP Keep-Alive ACK] 5228  >  53934 [ACK] Seq=1 Ack=2 Win=180 Len=0 SLE=1 SRE=2"
"339","154.926884","192.168.0.102","172.217.20.174","TCP","55","[TCP Keep-Alive] 55257  >  443 [ACK] Seq=1 Ack=1 Win=254 Len=1"
"340","154.978430","172.217.20.174","192.168.0.102","TCP","68","[TCP Keep-Alive ACK] 443  >  55257 [ACK] Seq=1 Ack=2 Win=757 Len=0 SLE=1 SRE=2"
"341","156.169168","192.168.0.102","198.252.206.25","TCP","55","[TCP Keep-Alive] 55187  >  443 [ACK] Seq=37 Ack=59 Win=253 Len=1"
"342","156.308465","198.252.206.25","192.168.0.102","TCP","68","[TCP Keep-Alive ACK] 443  >  55187 [ACK] Seq=59 Ack=38 Win=62 Len=0 SLE=37 SRE=38"
"343","156.579536","192.168.0.102","192.168.0.1","DNS","75","Standard query 0xaffc A play.google.com"
"344","156.583375","192.168.0.1","192.168.0.102","DNS","112","Standard query response 0xaffc A play.google.com CNAME play.l.google.com A 172.217.20.174"
"345","156.584304","192.168.0.102","172.217.20.174","TCP","66","55467  >  443 [SYN] Seq=0 Win=64240 Len=0 MSS=1460 WS=256 SACK_PERM=1"
"346","156.638896","172.217.20.174","192.168.0.102","TCP","68","443  >  55467 [SYN, ACK] Seq=0 Ack=1 Win=42780 Len=0 MSS=1380 SACK_PERM=1 WS=256"
"347","156.639009","192.168.0.102","172.217.20.174","TCP","54","55467  >  443 [ACK] Seq=1 Ack=1 Win=66048 Len=0"
"348","156.639469","192.168.0.102","172.217.20.174","TLSv1.2","253","Client Hello"
"349","156.697305","172.217.20.174","192.168.0.102","TCP","56","443  >  55467 [ACK] Seq=1 Ack=200 Win=44032 Len=0"
"350","156.707457","172.217.20.174","192.168.0.102","TLSv1.2","1484","Server Hello"
"351","156.707459","172.217.20.174","192.168.0.102","TCP","1484","443  >  55467 [ACK] Seq=1431 Ack=200 Win=44032 Len=1430 [TCP segment of a reassembled PDU]"
"352","156.707460","172.217.20.174","192.168.0.102","TLSv1.2","1484","Certificate [TCP segment of a reassembled PDU]"
"353","156.707477","172.217.20.174","192.168.0.102","TLSv1.2","135","Server Key Exchange, Server Hello Done"
"354","156.707551","192.168.0.102","172.217.20.174","TCP","54","55467  >  443 [ACK] Seq=200 Ack=4372 Win=66048 Len=0"
"355","156.709544","192.168.0.102","172.217.20.174","TLSv1.2","147","Client Key Exchange, Change Cipher Spec, Encrypted Handshake Message"
"356","156.711541","192.168.0.102","172.217.20.174","TLSv1.2","147","Application Data"
"357","156.711888","192.168.0.102","172.217.20.174","TLSv1.2","460","Application Data"
"358","156.711976","192.168.0.102","172.217.20.174","TLSv1.2","673","Application Data"
"359","156.751115","172.217.20.174","192.168.0.102","TLSv1.2","338","New Session Ticket, Change Cipher Spec, Encrypted Handshake Message"
"360","156.754042","172.217.20.174","192.168.0.102","TCP","56","443  >  55467 [ACK] Seq=4656 Ack=1411 Win=46336 Len=0"
"361","156.754043","172.217.20.174","192.168.0.102","TLSv1.2","123","Application Data"
"362","156.754118","192.168.0.102","172.217.20.174","TCP","54","55467  >  443 [ACK] Seq=1411 Ack=4725 Win=65792 Len=0"
"363","156.754512","192.168.0.102","172.217.20.174","TLSv1.2","92","Application Data"
"364","156.767957","172.217.20.174","192.168.0.102","TLSv1.2","92","Application Data"
"365","156.779659","172.217.20.174","192.168.0.102","TLSv1.2","620","Application Data"
"366","156.779734","192.168.0.102","172.217.20.174","TCP","54","55467  >  443 [ACK] Seq=1449 Ack=5329 Win=65280 Len=0"
"367","156.779941","172.217.20.174","192.168.0.102","TLSv1.2","383","Application Data"
"368","156.779942","172.217.20.174","192.168.0.102","TLSv1.2","191","Application Data"
"369","156.779964","192.168.0.102","172.217.20.174","TCP","54","55467  >  443 [ACK] Seq=1449 Ack=5795 Win=66048 Len=0"
"370","156.794894","172.217.20.174","192.168.0.102","TLSv1.2","100","Application Data"
"371","156.795322","192.168.0.102","172.217.20.174","TLSv1.2","100","Application Data"
"372","156.850973","172.217.20.174","192.168.0.102","TCP","56","443  >  55467 [ACK] Seq=5841 Ack=1449 Win=46336 Len=0"
"373","156.850973","172.217.20.174","192.168.0.102","TCP","56","443  >  55467 [ACK] Seq=5841 Ack=1495 Win=46336 Len=0"
"374","160.558298","192.168.0.102","192.30.253.124","TCP","55","[TCP Keep-Alive] 55310  >  443 [ACK] Seq=71 Ack=63 Win=255 Len=1"
"375","160.712548","192.30.253.124","192.168.0.102","TCP","68","[TCP Keep-Alive ACK] 443  >  55310 [ACK] Seq=63 Ack=72 Win=31 Len=0 SLE=71 SRE=72"
"376","163.318982","192.168.0.102","157.55.130.156","UDP","80","23310  >  40012 Len=38"
"377","163.319149","192.168.0.102","111.221.77.146","UDP","77","23310  >  40026 Len=35"
"378","163.474899","157.55.130.156","192.168.0.102","UDP","589","40012  >  23310 Len=547"
"379","163.476287","192.168.0.102","157.55.56.157","UDP","176","23310  >  40016 Len=134"
"380","163.608227","111.221.77.146","192.168.0.102","UDP","62","40026  >  23310 Len=20"
"381","163.644907","157.55.56.157","192.168.0.102","UDP","63","40016  >  23310 Len=21"
"382","167.583758","192.168.0.102","172.217.20.174","TCP","66","55468  >  443 [SYN] Seq=0 Win=64240 Len=0 MSS=1460 WS=256 SACK_PERM=1"
"383","167.636903","172.217.20.174","192.168.0.102","TCP","68","443  >  55468 [SYN, ACK] Seq=0 Ack=1 Win=42780 Len=0 MSS=1380 SACK_PERM=1 WS=256"
"384","167.637071","192.168.0.102","172.217.20.174","TCP","54","55468  >  443 [ACK] Seq=1 Ack=1 Win=66048 Len=0"
"385","167.637428","192.168.0.102","172.217.20.174","TLSv1.2","257","Client Hello"
"386","167.693083","172.217.20.174","192.168.0.102","TCP","56","443  >  55468 [ACK] Seq=1 Ack=204 Win=44032 Len=0"
"387","167.698493","172.217.20.174","192.168.0.102","TLSv1.2","1484","Server Hello"
"388","167.698494","172.217.20.174","192.168.0.102","TCP","1484","443  >  55468 [ACK] Seq=1431 Ack=204 Win=44032 Len=1430 [TCP segment of a reassembled PDU]"
"389","167.698494","172.217.20.174","192.168.0.102","TLSv1.2","1484","Certificate [TCP segment of a reassembled PDU]"
"390","167.698513","172.217.20.174","192.168.0.102","TLSv1.2","139","Server Key Exchange, Server Hello Done"
"391","167.698590","192.168.0.102","172.217.20.174","TCP","54","55468  >  443 [ACK] Seq=204 Ack=4376 Win=66048 Len=0"
"392","167.701445","192.168.0.102","172.217.20.174","TLSv1.2","312","Client Key Exchange, Change Cipher Spec, Encrypted Handshake Message, Encrypted Handshake Message"
"393","167.715530","192.168.0.102","172.217.20.174","TLSv1.2","147","Application Data"
"394","167.716032","192.168.0.102","172.217.20.174","TCP","1434","55468  >  443 [ACK] Seq=555 Ack=4376 Win=66048 Len=1380 [TCP segment of a reassembled PDU]"
"395","167.716039","192.168.0.102","172.217.20.174","TLSv1.2","1218","Application Data"
"396","167.716172","192.168.0.102","172.217.20.174","TLSv1.2","855","Application Data"
"397","167.740828","172.217.20.174","192.168.0.102","TLSv1.2","375","New Session Ticket, Change Cipher Spec, Encrypted Handshake Message"
"398","167.754282","172.217.20.174","192.168.0.102","TLSv1.2","123","Application Data"
"399","167.754360","192.168.0.102","172.217.20.174","TCP","54","55468  >  443 [ACK] Seq=3900 Ack=4766 Win=65792 Len=0"
"400","167.754735","192.168.0.102","172.217.20.174","TLSv1.2","92","Application Data"
"401","167.769148","172.217.20.174","192.168.0.102","TCP","56","443  >  55468 [ACK] Seq=4766 Ack=3099 Win=50688 Len=0"
"402","167.769149","172.217.20.174","192.168.0.102","TLSv1.2","92","Application Data"
"403","167.783411","172.217.20.174","192.168.0.102","TLSv1.2","496","Application Data"
"404","167.783413","172.217.20.174","192.168.0.102","TLSv1.2","314","Application Data"
"405","167.783413","172.217.20.174","192.168.0.102","TLSv1.2","211","Application Data"
"406","167.783487","192.168.0.102","172.217.20.174","TCP","54","55468  >  443 [ACK] Seq=3938 Ack=5663 Win=64768 Len=0"
"407","167.797109","172.217.20.174","192.168.0.102","TLSv1.2","100","Application Data"
"408","167.797486","192.168.0.102","172.217.20.174","TLSv1.2","100","Application Data"
"409","167.849696","172.217.20.174","192.168.0.102","TCP","56","443  >  55468 [ACK] Seq=5709 Ack=3984 Win=53248 Len=0"
"410","168.113332","162.125.18.133","192.168.0.102","TLSv1.2","311","Application Data"
"411","168.116846","192.168.0.102","162.125.18.133","TLSv1.2","753","Application Data"
"412","168.265358","162.125.18.133","192.168.0.102","TCP","56","443  >  55200 [ACK] Seq=772 Ack=2098 Win=124 Len=0"
"413","168.665293","157.55.235.176","192.168.0.102","TCP","60","40009  >  53868 [PSH, ACK] Seq=613 Ack=1329 Win=83 Len=3"
"414","168.719726","192.168.0.102","157.55.235.176","TCP","54","53868  >  40009 [ACK] Seq=1329 Ack=616 Win=256 Len=0"
"415","168.825408","157.55.235.176","192.168.0.102","TCP","72","40009  >  53868 [PSH, ACK] Seq=616 Ack=1329 Win=83 Len=15"
"416","168.826060","192.168.0.102","46.35.163.217","TCP","66","55469  >  443 [SYN] Seq=0 Win=64240 Len=0 MSS=1460 WS=256 SACK_PERM=1"
"417","168.826364","192.168.0.102","157.55.235.176","TCP","67","53868  >  40009 [PSH, ACK] Seq=1329 Ack=631 Win=256 Len=13"
"418","168.826459","192.168.0.102","46.35.163.217","QUIC","61","Payload (Encrypted), PKN: 167"
"419","168.933334","157.55.235.176","192.168.0.102","TCP","56","40009  >  53868 [ACK] Seq=631 Ack=1342 Win=83 Len=0"
"420","168.969323","192.168.0.102","192.30.253.125","TCP","55","[TCP Keep-Alive] 54086  >  443 [ACK] Seq=105 Ack=94 Win=252 Len=1"
"421","169.125743","192.30.253.125","192.168.0.102","TCP","68","[TCP Keep-Alive ACK] 443  >  54086 [ACK] Seq=94 Ack=106 Win=31 Len=0 SLE=105 SRE=106"
"422","171.767693","192.168.0.102","40.118.105.28","TLSv1.2","155","Application Data"
"423","171.833712","192.168.0.102","46.35.163.217","TCP","66","[TCP Retransmission] 55469  >  443 [SYN] Seq=0 Win=64240 Len=0 MSS=1460 WS=256 SACK_PERM=1"
"424","171.846103","40.118.105.28","192.168.0.102","TLSv1.2","155","Application Data"
"425","171.888221","192.168.0.102","40.118.105.28","TCP","54","53866  >  443 [ACK] Seq=405 Ack=405 Win=256 Len=0"
"426","172.634087","162.125.32.135","192.168.0.102","TLSv1.2","88","Encrypted Alert"
"427","172.634088","162.125.32.135","192.168.0.102","TCP","56","443  >  55466 [FIN, ACK] Seq=4986 Ack=2727 Win=34816 Len=0"
"428","172.634158","192.168.0.102","162.125.32.135","TCP","54","55466  >  443 [ACK] Seq=2727 Ack=4987 Win=65280 Len=0"
"429","174.884568","192.168.0.102","192.168.0.255","DB-LSP-DISC","174","Dropbox LAN sync Discovery Protocol"
"430","175.550519","192.30.253.124","192.168.0.102","TLSv1.2","88","Application Data"
"431","175.550878","192.168.0.102","192.30.253.124","TLSv1.2","89","Application Data"
"432","175.702638","192.30.253.124","192.168.0.102","TCP","56","443  >  55310 [ACK] Seq=94 Ack=107 Win=31 Len=0"
"433","176.086393","192.168.0.102","172.217.20.163","TCP","55","[TCP Keep-Alive] 55465  >  443 [ACK] Seq=1303 Ack=688 Win=65536 Len=1"
"434","176.138674","172.217.20.163","192.168.0.102","TCP","68","[TCP Keep-Alive ACK] 443  >  55465 [ACK] Seq=688 Ack=1304 Win=46080 Len=0 SLE=1303 SRE=1304"
"435","177.685603","192.168.0.102","157.56.52.21","UDP","81","23310  >  40027 Len=39"
"436","177.833588","192.168.0.102","46.35.163.217","TCP","66","[TCP Retransmission] 55469  >  443 [SYN] Seq=0 Win=64240 Len=0 MSS=1460 WS=256 SACK_PERM=1"
"437","177.906697","157.56.52.21","192.168.0.102","UDP","62","40027  >  23310 Len=20"
"438","181.818535","192.168.0.102","199.16.156.52","TCP","55","[TCP Keep-Alive] 55424  >  443 [ACK] Seq=1 Ack=1 Win=252 Len=1"
"439","181.980003","199.16.156.52","192.168.0.102","TCP","68","[TCP Keep-Alive ACK] 443  >  55424 [ACK] Seq=1 Ack=2 Win=131 Len=0 SLE=1 SRE=2"
"440","184.044470","192.30.253.125","192.168.0.102","TLSv1.2","88","Application Data"
"441","184.044835","192.168.0.102","192.30.253.125","TLSv1.2","89","Application Data"
"442","184.200267","192.30.253.125","192.168.0.102","TCP","56","443  >  54086 [ACK] Seq=125 Ack=141 Win=31 Len=0"
"443","192.690791","192.168.0.102","198.252.206.25","TCP","55","[TCP Keep-Alive] 55151  >  443 [ACK] Seq=37 Ack=59 Win=253 Len=1"
"444","192.830581","198.252.206.25","192.168.0.102","TCP","68","[TCP Keep-Alive ACK] 443  >  55151 [ACK] Seq=59 Ack=38 Win=62 Len=0 SLE=37 SRE=38"
"445","195.018506","192.168.0.102","157.55.235.176","TCP","546","53868  >  40009 [PSH, ACK] Seq=1342 Ack=631 Win=256 Len=492"
"446","195.129815","157.55.235.176","192.168.0.102","TCP","56","40009  >  53868 [ACK] Seq=631 Ack=1834 Win=83 Len=0"
"447","195.129816","157.55.235.176","192.168.0.102","TCP","60","40009  >  53868 [PSH, ACK] Seq=631 Ack=1834 Win=83 Len=4"
"448","195.169328","192.168.0.102","157.55.235.176","TCP","54","53868  >  40009 [ACK] Seq=1834 Ack=635 Win=256 Len=0"
"449","199.426364","192.168.0.102","64.233.161.188","TCP","55","[TCP Keep-Alive] 53934  >  5228 [ACK] Seq=1 Ack=1 Win=254 Len=1"
"450","199.497587","64.233.161.188","192.168.0.102","TCP","68","[TCP Keep-Alive ACK] 5228  >  53934 [ACK] Seq=1 Ack=2 Win=180 Len=0 SLE=1 SRE=2"
"451","199.979616","192.168.0.102","172.217.20.174","TCP","55","[TCP Keep-Alive] 55257  >  443 [ACK] Seq=1 Ack=1 Win=254 Len=1"
"452","200.032871","172.217.20.174","192.168.0.102","TCP","68","[TCP Keep-Alive ACK] 443  >  55257 [ACK] Seq=1 Ack=2 Win=757 Len=0 SLE=1 SRE=2"
"453","201.318325","192.168.0.102","198.252.206.25","TCP","55","[TCP Keep-Alive] 55187  >  443 [ACK] Seq=37 Ack=59 Win=253 Len=1"
"454","201.456085","198.252.206.25","192.168.0.102","TCP","68","[TCP Keep-Alive ACK] 443  >  55187 [ACK] Seq=59 Ack=38 Win=62 Len=0 SLE=37 SRE=38"
"455","201.865128","192.168.0.102","172.217.20.174","TCP","55","[TCP Keep-Alive] 55467  >  443 [ACK] Seq=1494 Ack=5841 Win=66048 Len=1"
"456","201.919910","172.217.20.174","192.168.0.102","TCP","68","[TCP Keep-Alive ACK] 443  >  55467 [ACK] Seq=5841 Ack=1495 Win=46336 Len=0 SLE=1494 SRE=1495"
"457","202.900156","162.125.18.133","192.168.0.102","TLSv1.2","311","Application Data"
"458","202.904011","192.168.0.102","162.125.18.133","TLSv1.2","753","Application Data"
"459","203.053897","162.125.18.133","192.168.0.102","TCP","56","443  >  55200 [ACK] Seq=1029 Ack=2797 Win=127 Len=0"
"460","204.983991","192.168.0.102","192.168.0.255","DB-LSP-DISC","174","Dropbox LAN sync Discovery Protocol"
"461","207.670753","192.168.0.102","157.55.235.151","UDP","172","23310  >  40012 Len=130"
"462","207.670968","192.168.0.102","157.55.235.166","UDP","175","23310  >  40014 Len=133"
"463","207.671168","192.168.0.102","157.56.52.36","UDP","77","23310  >  40033 Len=35"
"464","207.759060","157.55.235.151","192.168.0.102","UDP","131","40012  >  23310 Len=89"
"465","207.760275","157.55.235.166","192.168.0.102","UDP","63","40014  >  23310 Len=21"
"466","207.889164","157.56.52.36","192.168.0.102","UDP","485","40033  >  23310 Len=443"
"467","207.890653","192.168.0.102","64.4.23.165","UDP","177","23310  >  40013 Len=135"
"468","208.101823","64.4.23.165","192.168.0.102","UDP","63","40013  >  23310 Len=21"
"469","212.865617","192.168.0.102","172.217.20.174","TCP","55","[TCP Keep-Alive] 55468  >  443 [ACK] Seq=3983 Ack=5709 Win=64768 Len=1"
"470","212.919593","172.217.20.174","192.168.0.102","TCP","68","[TCP Keep-Alive ACK] 443  >  55468 [ACK] Seq=5709 Ack=3984 Win=53248 Len=0 SLE=3983 SRE=3984"
"471","214.701587","172.217.20.174","192.168.0.102","TLSv1.2","117","Application Data"
"472","214.702019","192.168.0.102","172.217.20.174","TCP","54","55257  >  443 [FIN, ACK] Seq=2 Ack=64 Win=254 Len=0"
"473","214.732233","172.217.20.174","192.168.0.102","TCP","56","443  >  55257 [FIN, ACK] Seq=64 Ack=2 Win=757 Len=0"
"474","214.732287","192.168.0.102","172.217.20.174","TCP","54","55257  >  443 [ACK] Seq=3 Ack=65 Win=254 Len=0"
"475","214.759586","172.217.20.174","192.168.0.102","TCP","56","443  >  55257 [ACK] Seq=65 Ack=3 Win=757 Len=0"
"476","220.703148","192.168.0.102","192.30.253.124","TCP","55","[TCP Keep-Alive] 55310  >  443 [ACK] Seq=106 Ack=94 Win=255 Len=1"
"477","220.855310","192.30.253.124","192.168.0.102","TCP","68","[TCP Keep-Alive ACK] 443  >  55310 [ACK] Seq=94 Ack=107 Win=31 Len=0 SLE=106 SRE=107"
"478","221.139454","192.168.0.102","172.217.20.163","TCP","55","[TCP Keep-Alive] 55465  >  443 [ACK] Seq=1303 Ack=688 Win=65536 Len=1"
"479","221.191617","172.217.20.163","192.168.0.102","TCP","68","[TCP Keep-Alive ACK] 443  >  55465 [ACK] Seq=688 Ack=1304 Win=46080 Len=0 SLE=1303 SRE=1304"
"480","221.620916","192.168.0.1","224.0.0.1","IGMPv2","46","Membership Query, general"
"481","223.034249","86.171.43.198","192.168.0.102","UDP","60","19581  >  23310 Len=18"
"482","223.034774","192.168.0.102","86.171.43.198","UDP","68","23310  >  19581 Len=26"
"483","223.035255","192.168.0.102","65.55.223.13","UDP","77","23310  >  40009 Len=35"
"484","223.189412","65.55.223.13","192.168.0.102","UDP","62","40009  >  23310 Len=20"
"485","225.105076","162.125.18.133","192.168.0.102","TLSv1.2","311","Application Data"
"486","225.109319","192.168.0.102","162.125.18.133","TLSv1.2","1060","Application Data"
"487","225.256372","162.125.18.133","192.168.0.102","TCP","56","443  >  55193 [ACK] Seq=1029 Ack=4025 Win=169 Len=0"
"488","226.768007","192.168.0.102","40.118.105.28","TLSv1.2","155","Application Data"
"489","226.839387","40.118.105.28","192.168.0.102","TLSv1.2","155","Application Data"
"490","226.880208","192.168.0.102","40.118.105.28","TCP","54","53866  >  443 [ACK] Seq=506 Ack=506 Win=255 Len=0"
"491","226.979708","192.168.0.102","199.16.156.52","TCP","55","[TCP Keep-Alive] 55424  >  443 [ACK] Seq=1 Ack=1 Win=252 Len=1"
"492","227.140747","199.16.156.52","192.168.0.102","TCP","68","[TCP Keep-Alive ACK] 443  >  55424 [ACK] Seq=1 Ack=2 Win=131 Len=0 SLE=1 SRE=2"
"493","228.567294","192.168.0.102","224.0.0.252","IGMPv2","46","Membership Report group 224.0.0.252"
"494","228.567453","192.168.0.102","224.0.0.251","IGMPv2","46","Membership Report group 224.0.0.251"
"495","229.201301","192.168.0.102","192.30.253.125","TCP","55","[TCP Keep-Alive] 54086  >  443 [ACK] Seq=140 Ack=125 Win=252 Len=1"
"496","229.357300","192.30.253.125","192.168.0.102","TCP","68","[TCP Keep-Alive ACK] 443  >  54086 [ACK] Seq=125 Ack=141 Win=31 Len=0 SLE=140 SRE=141"
"497","229.567315","192.168.0.102","239.255.255.250","IGMPv2","46","Membership Report group 239.255.255.250"
"498","230.376316","192.168.0.102","239.255.255.250","SSDP","216","M-SEARCH * HTTP/1.1 "
"499","231.377073","192.168.0.102","239.255.255.250","SSDP","216","M-SEARCH * HTTP/1.1 "
"500","231.694940","192.168.0.102","40.77.226.192","TLSv1.2","715","Application Data"
"501","231.788752","40.77.226.192","192.168.0.102","TLSv1.2","203","Application Data"
"502","231.828628","192.168.0.102","40.77.226.192","TCP","54","53843  >  443 [ACK] Seq=1275 Ack=832 Win=254 Len=0"
"503","232.377933","192.168.0.102","239.255.255.250","SSDP","216","M-SEARCH * HTTP/1.1 "
"504","233.377458","192.168.0.102","239.255.255.250","SSDP","216","M-SEARCH * HTTP/1.1 "
"505","235.084225","192.168.0.102","192.168.0.255","DB-LSP-DISC","174","Dropbox LAN sync Discovery Protocol"
"506","235.759561","192.30.253.124","192.168.0.102","TLSv1.2","88","Application Data"
"507","235.759976","192.168.0.102","192.30.253.124","TLSv1.2","89","Application Data"
"508","235.914421","192.30.253.124","192.168.0.102","TCP","56","443  >  55310 [ACK] Seq=125 Ack=142 Win=31 Len=0"
"509","236.899825","192.168.0.102","88.208.35.231","TCP","66","55470  >  443 [SYN] Seq=0 Win=64240 Len=0 MSS=1460 WS=256 SACK_PERM=1"
"510","236.966477","88.208.35.231","192.168.0.102","TCP","68","443  >  55470 [SYN, ACK] Seq=0 Ack=1 Win=29200 Len=0 MSS=1460 SACK_PERM=1 WS=128"
"511","236.966646","192.168.0.102","88.208.35.231","TCP","54","55470  >  443 [ACK] Seq=1 Ack=1 Win=65536 Len=0"
"512","236.966967","192.168.0.102","88.208.35.231","TLSv1.2","571","Client Hello"
"513","237.019902","88.208.35.231","192.168.0.102","TCP","56","443  >  55470 [ACK] Seq=1 Ack=518 Win=30336 Len=0"
"514","237.019903","88.208.35.231","192.168.0.102","TLSv1.2","1514","Server Hello"
"515","237.019904","88.208.35.231","192.168.0.102","TCP","1514","443  >  55470 [ACK] Seq=1461 Ack=518 Win=30336 Len=1460 [TCP segment of a reassembled PDU]"
"516","237.019905","88.208.35.231","192.168.0.102","TCP","1230","443  >  55470 [PSH, ACK] Seq=2921 Ack=518 Win=30336 Len=1176 [TCP segment of a reassembled PDU]"
"517","237.019986","192.168.0.102","88.208.35.231","TCP","54","55470  >  443 [ACK] Seq=518 Ack=4097 Win=65536 Len=0"
"518","237.021888","88.208.35.231","192.168.0.102","TLSv1.2","1514","Certificate [TCP segment of a reassembled PDU]"
"519","237.021961","192.168.0.102","88.208.35.231","TCP","54","55470  >  443 [ACK] Seq=518 Ack=5557 Win=65536 Len=0"
"520","237.072164","88.208.35.231","192.168.0.102","TLSv1.2","332","Server Key Exchange, Server Hello Done"
"521","237.074598","192.168.0.102","88.208.35.231","TLSv1.2","204","Client Key Exchange, Change Cipher Spec, Encrypted Handshake Message"
"522","237.127435","88.208.35.231","192.168.0.102","TLSv1.2","320","New Session Ticket, Change Cipher Spec, Encrypted Handshake Message"
"523","237.128156","192.168.0.102","88.208.35.231","TLSv1.2","667","Application Data"
"524","237.182769","88.208.35.231","192.168.0.102","TLSv1.2","427","Application Data"
"525","237.234359","192.168.0.102","88.208.35.231","TCP","54","55470  >  443 [ACK] Seq=1281 Ack=6474 Win=64768 Len=0"
"526","237.695768","192.168.0.102","157.55.56.165","UDP","78","23310  >  40035 Len=36"
"527","237.696035","192.168.0.102","157.55.235.174","UDP","76","23310  >  40027 Len=34"
"528","237.797950","157.55.235.174","192.168.0.102","UDP","62","40027  >  23310 Len=20"
"529","237.833446","192.168.0.102","198.252.206.25","TCP","55","[TCP Keep-Alive] 55151  >  443 [ACK] Seq=37 Ack=59 Win=253 Len=1"
"530","237.907669","157.55.56.165","192.168.0.102","UDP","62","40035  >  23310 Len=20"
"531","237.978705","198.252.206.25","192.168.0.102","TCP","68","[TCP Keep-Alive ACK] 443  >  55151 [ACK] Seq=59 Ack=38 Win=62 Len=0 SLE=37 SRE=38"
"532","242.104204","88.208.35.231","192.168.0.102","TLSv1.2","107","Encrypted Alert"
"533","242.116644","88.208.35.231","192.168.0.102","TCP","56","443  >  55470 [FIN, ACK] Seq=6527 Ack=1281 Win=32640 Len=0"
"534","242.116698","192.168.0.102","88.208.35.231","TCP","54","55470  >  443 [ACK] Seq=1281 Ack=6528 Win=64512 Len=0"
"535","244.263993","192.30.253.125","192.168.0.102","TLSv1.2","88","Application Data"
"536","244.264242","192.168.0.102","192.30.253.125","TLSv1.2","89","Application Data"
"537","244.419937","192.30.253.125","192.168.0.102","TCP","56","443  >  54086 [ACK] Seq=156 Ack=176 Win=31 Len=0"
"538","244.498353","192.168.0.102","64.233.161.188","TCP","55","[TCP Keep-Alive] 53934  >  5228 [ACK] Seq=1 Ack=1 Win=254 Len=1"
"539","244.571477","64.233.161.188","192.168.0.102","TCP","68","[TCP Keep-Alive ACK] 5228  >  53934 [ACK] Seq=1 Ack=2 Win=180 Len=0 SLE=1 SRE=2"
"540","246.465244","192.168.0.102","198.252.206.25","TCP","55","[TCP Keep-Alive] 55187  >  443 [ACK] Seq=37 Ack=59 Win=253 Len=1"
"541","246.600419","198.252.206.25","192.168.0.102","TCP","68","[TCP Keep-Alive ACK] 443  >  55187 [ACK] Seq=59 Ack=38 Win=62 Len=0 SLE=37 SRE=38"
"542","246.933179","192.168.0.102","172.217.20.174","TCP","55","[TCP Keep-Alive] 55467  >  443 [ACK] Seq=1494 Ack=5841 Win=66048 Len=1"
"543","246.988774","172.217.20.174","192.168.0.102","TCP","68","[TCP Keep-Alive ACK] 443  >  55467 [ACK] Seq=5841 Ack=1495 Win=46336 Len=0 SLE=1494 SRE=1495"
"544","251.695238","192.168.0.102","65.55.223.22","UDP","76","23310  >  40018 Len=34"
"545","251.846567","65.55.223.22","192.168.0.102","UDP","497","40018  >  23310 Len=455"
"546","251.848038","192.168.0.102","157.56.52.33","UDP","176","23310  >  40029 Len=134"
"547","252.064098","157.56.52.33","192.168.0.102","UDP","63","40029  >  23310 Len=21"
"548","255.059684","192.168.0.102","157.55.235.176","TCP","56","53868  >  40009 [PSH, ACK] Seq=1834 Ack=635 Win=256 Len=2"
"549","255.202165","157.55.235.176","192.168.0.102","TCP","56","40009  >  53868 [ACK] Seq=635 Ack=1836 Win=83 Len=0"
"550","255.202286","192.168.0.102","157.55.235.176","TCP","546","53868  >  40009 [PSH, ACK] Seq=1836 Ack=635 Win=256 Len=492"
"551","255.310188","157.55.235.176","192.168.0.102","TCP","56","40009  >  53868 [ACK] Seq=635 Ack=2328 Win=83 Len=0"
"552","255.310189","157.55.235.176","192.168.0.102","TCP","60","40009  >  53868 [PSH, ACK] Seq=635 Ack=2328 Win=83 Len=4"
"553","255.359697","192.168.0.102","157.55.235.176","TCP","54","53868  >  40009 [ACK] Seq=2328 Ack=639 Win=256 Len=0"
"554","256.882665","157.55.235.176","192.168.0.102","TCP","60","40009  >  53868 [PSH, ACK] Seq=639 Ack=2328 Win=83 Len=3"
"555","256.931799","192.168.0.102","157.55.235.176","TCP","54","53868  >  40009 [ACK] Seq=2328 Ack=642 Win=256 Len=0"
"556","257.043403","157.55.235.176","192.168.0.102","TCP","64","40009  >  53868 [PSH, ACK] Seq=642 Ack=2328 Win=83 Len=10"
"557","257.043707","192.168.0.102","157.55.235.176","TCP","58","53868  >  40009 [PSH, ACK] Seq=2328 Ack=652 Win=256 Len=4"
"558","257.194471","157.55.235.176","192.168.0.102","TCP","56","40009  >  53868 [ACK] Seq=652 Ack=2332 Win=83 Len=0"
"559","257.919994","192.168.0.102","172.217.20.174","TCP","55","[TCP Keep-Alive] 55468  >  443 [ACK] Seq=3983 Ack=5709 Win=64768 Len=1"
"560","257.974681","172.217.20.174","192.168.0.102","TCP","68","[TCP Keep-Alive ACK] 443  >  55468 [ACK] Seq=5709 Ack=3984 Win=53248 Len=0 SLE=3983 SRE=3984"
"561","260.687234","162.125.18.133","192.168.0.102","TLSv1.2","311","Application Data"
"562","260.691288","192.168.0.102","162.125.18.133","TLSv1.2","753","Application Data"
"563","260.839662","162.125.18.133","192.168.0.102","TCP","56","443  >  55200 [ACK] Seq=1286 Ack=3496 Win=130 Len=0"
"564","260.951790","162.125.18.133","192.168.0.102","TLSv1.2","311","Application Data"
"565","260.957057","192.168.0.102","162.125.18.133","TLSv1.2","1060","Application Data"
"566","261.103368","162.125.18.133","192.168.0.102","TCP","56","443  >  55193 [ACK] Seq=1286 Ack=5031 Win=173 Len=0"
"567","265.165267","192.168.0.102","192.168.0.255","DB-LSP-DISC","174","Dropbox LAN sync Discovery Protocol"
"568","266.191927","192.168.0.102","172.217.20.163","TCP","55","[TCP Keep-Alive] 55465  >  443 [ACK] Seq=1303 Ack=688 Win=65536 Len=1"
"569","266.244196","172.217.20.163","192.168.0.102","TCP","68","[TCP Keep-Alive ACK] 443  >  55465 [ACK] Seq=688 Ack=1304 Win=46080 Len=0 SLE=1303 SRE=1304"
"570","272.140530","192.168.0.102","199.16.156.52","TCP","55","[TCP Keep-Alive] 55424  >  443 [ACK] Seq=1 Ack=1 Win=252 Len=1"
"571","272.306319","199.16.156.52","192.168.0.102","TCP","68","[TCP Keep-Alive ACK] 443  >  55424 [ACK] Seq=1 Ack=2 Win=131 Len=0 SLE=1 SRE=2"
"572","280.918552","192.168.0.102","192.30.253.124","TCP","55","[TCP Keep-Alive] 55310  >  443 [ACK] Seq=141 Ack=125 Win=255 Len=1"
"573","281.075119","192.30.253.124","192.168.0.102","TCP","68","[TCP Keep-Alive ACK] 443  >  55310 [ACK] Seq=125 Ack=142 Win=31 Len=0 SLE=141 SRE=142"
"574","281.768208","192.168.0.102","40.118.105.28","TLSv1.2","155","Application Data"
"575","281.840136","40.118.105.28","192.168.0.102","TLSv1.2","155","Application Data"
"576","281.880433","192.168.0.102","40.118.105.28","TCP","54","53866  >  443 [ACK] Seq=607 Ack=607 Win=255 Len=0"
